Date (YYYY-MM-DD)	Day of the Week	Time of Day	Location	Location Rank	Incident Nature	Incident Rank
2024-04-03	4	0	HAL MULDROW DR / W MAIN ST	76	Motorist Assist	20
2024-04-03	4	0	2505 W MAIN ST	12	Alarm Holdup/Panic	28
2024-04-03	4	0	1701 ALAMEDA ST	76	Contact a Subject	3
2024-04-03	4	0	2382 W LINDSEY ST	76	Traffic Stop	1
2024-04-03	4	0	1919 W BOYD ST	76	Public Assist	14
2024-04-03	4	0	2920 CHAUTAUQUA AVE	25	911 Call Nature Unknown	43
2024-04-03	4	0	N PORTER AVE / E GRAY ST	76	Contact a Subject	3
2024-04-03	4	0	5401 HUETTNER DR	12	Contact a Subject	3
2024-04-03	4	0	2803 24TH AVE NW	25	Overdose/Poisoning	20
2024-04-03	4	0	2803 24TH AVE NW	25	Overdose/Poisoning	20
2024-04-03	4	0	2368 W BROOKS ST	76	Traffic Stop	1
2024-04-03	4	0	402 S PORTER AVE	76	Traffic Stop	1
2024-04-03	4	0	N CRAWFORD AVE / HAY	76	Contact a Subject	3
2024-04-03	4	1	800 CANADIAN TRAILS DR	25	Sick Person	7
2024-04-03	4	1	800 CANADIAN TRAILS DR	25	Sick Person	7
2024-04-03	4	1	901 N PORTER AVE	1	Trespassing	14
2024-04-03	4	1	1213 CROWN POINT AVE	76	Loud Party	55
2024-04-03	4	1	W BOYD ST / ELM AVE	25	Traffic Stop	1
2024-04-03	4	1	W BOYD ST / ELM AVE	25	Traffic Stop	1
2024-04-03	4	1	2200 CLASSEN BLVD	12	Disturbance/Domestic	5
2024-04-03	4	1	5401 HUETTNER DR	12	Contact a Subject	3
2024-04-03	4	1	1149 W ROBINSON ST	76	Traffic Stop	1
2024-04-03	4	1	515 24TH AVE NW	76	Disturbance/Domestic	5
2024-04-03	4	1	524 ELM AVE	25	Traffic Stop	1
2024-04-03	4	1	524 ELM AVE	25	Traffic Stop	1
2024-04-03	4	1	408 W MAIN ST	76	Public Intoxication	55
2024-04-03	4	1	305 W HIMES ST	76	Suspicious	10
2024-04-03	4	1	167 48TH AVE NW	76	Traffic Stop	1
2024-04-03	4	1	130 E MOSIER ST	25	Noise Complaint	23
2024-04-03	4	1	I35 SB OFF RAMP 112 RAMP / N INTERSTATE DR	25	MVA With Injuries	7
2024-04-03	4	1	I35 SB OFF RAMP 112 RAMP / N INTERSTATE DR	25	MVA With Injuries	7
2024-04-03	4	1	310 N FLOOD AVE	76	Welfare Check	4
2024-04-03	4	2	3912 RIPPLE AVE	76	Burglary	28
2024-04-03	4	2	2200 CLASSEN BLVD	12	Disturbance/Domestic	5
2024-04-03	4	2	617 INTERSTATE DR	25	Alarm	6
2024-04-03	4	2	1352 W BOYD ST	76	Traffic Stop	1
2024-04-03	4	2	N CARTER AVE / OLIVER ST	76	Warrant Service	55
2024-04-03	4	2	377 24TH AVE NE	76	Traffic Stop	1
2024-04-03	4	2	W MAIN ST / 26TH AVE SW	76	Traffic Stop	1
2024-04-03	4	2	1592 W MAIN ST	76	Traffic Stop	1
2024-04-03	4	2	351 E ROBINSON ST	76	Trespassing	14
2024-04-03	4	2	VINE ST / MCGEE DR	76	Suspicious	10
2024-04-03	4	3	3406 PHEASANT RUN RD	9	Hemorrhage/Lacerations	23
2024-04-03	4	3	3406 PHEASANT RUN RD	9	Hemorrhage/Lacerations	23
2024-04-03	4	3	3406 PHEASANT RUN RD	9	Follow Up	16
2024-04-03	4	3	1087 N STATE DR	76	Contact a Subject	3
2024-04-03	4	3	5401 HUETTNER DR	12	Check Area	12
2024-04-03	4	3	2000 ANN BRANDEN BLVD	5	Transfer/Interfacility	2
2024-04-03	4	3	130 E MOSIER ST	25	Barking Dog	55
2024-04-03	4	3	36TH AVE NW / ASTOR DR	76	Traffic Stop	1
2024-04-03	4	3	276 24TH AVE SE	76	Traffic Stop	1
2024-04-03	4	3	1430 24TH AVE NW	76	Traffic Stop	1
2024-04-03	4	4	826 MONNETT AVE	76	Noise Complaint	23
2024-04-03	4	4	1225 PALOMA PL	76	Traffic Stop	1
2024-04-03	4	4	620 W LINDSEY ST	76	Contact a Subject	3
2024-04-03	4	4	2550 W FRANKLIN RD	25	Diabetic Problems	43
2024-04-03	4	4	2550 W FRANKLIN RD	25	Diabetic Problems	43
2024-04-03	4	5	1351 HIGH MEADOWS DR	76	Public Assist	14
2024-04-03	4	5	N CARTER AVE / E ROBINSON ST	76	Traffic Stop	1
2024-04-03	4	5	1305 N PORTER AVE	76	Contact a Subject	3
2024-04-03	4	5	617 INTERSTATE DR	25	Alarm	6
2024-04-03	4	5	2900 OAK TREE AVE	25	Alarm	6
2024-04-03	4	5	1221 W LINDSEY DR	76	Alarm	6
2024-04-03	4	6	1300 STEAMBOAT WAY	76	Suspicious	10
2024-04-03	4	6	W ROBINSON ST / WOODS AVE	76	Motorist Assist	20
2024-04-03	4	6	1820 LEGACY PARK DR	76	Alarm	6
2024-04-03	4	6	123 INTERSTATE DR	76	Alarm	6
2024-04-03	4	7	2909 WOODBRIAR DR	25	Unconscious/Fainting	16
2024-04-03	4	7	2909 WOODBRIAR DR	25	Falls	16
2024-04-03	4	7	9554 ALAMEDA DR	76	Traffic Stop	1
2024-04-03	4	7	2543 W MAIN ST	12	Breathing Problems	13
2024-04-03	4	7	2543 W MAIN ST	12	Breathing Problems	13
2024-04-03	4	7	2543 W MAIN ST	12	Sick Person	7
2024-04-03	4	7	N FLOOD AVE / W ROCK CREEK RD	25	Check Area	12
2024-04-03	4	7	3300 HEALTHPLEX PKWY	2	Transfer/Interfacility	2
2024-04-03	4	7	4260 28TH AVE NW	76	Alarm	6
2024-04-03	4	7	4357 MONTICELLO RD	76	COP DDACTS	36
2024-04-03	4	7	393 LAMP POST RD	76	Traffic Stop	1
2024-04-03	4	7	205 LAMP POST RD	76	Traffic Stop	1
2024-04-03	4	7	464 ALAMEDA ST	76	Traffic Stop	1
2024-04-03	4	8	201 REED AVE	25	Contact a Subject	3
2024-04-03	4	8	E ROBINSON ST / 12TH AVE NE	5	MVA Non Injury	7
2024-04-03	4	8	216 LAMP POST RD	76	Traffic Stop	1
2024-04-03	4	8	178 LAMP POST RD	76	Traffic Stop	1
2024-04-03	4	8	2630 12TH AVE NW	76	Stolen Vehicle	28
2024-04-03	4	8	980 W INDIAN HILLS RD	25	Sick Person	7
2024-04-03	4	8	980 W INDIAN HILLS RD	25	Sick Person	7
2024-04-03	4	8	4301 HARVARD RD	76	Traffic Stop	1
2024-04-03	4	8	1334 ALAMEDA ST	76	COP DDACTS	36
2024-04-03	4	8	347 LAMP POST RD	76	Traffic Stop	1
2024-04-03	4	8	901 N PORTER AVE	1	Transfer/Interfacility	2
2024-04-03	4	8	217 LAMP POST RD	76	Traffic Stop	1
2024-04-03	4	8	313 LAMP POST RD	76	Traffic Stop	1
2024-04-03	4	8	1037 N UNIVERSITY BLVD	25	Suspicious	10
2024-04-03	4	8	1060 W ROBINSON ST	76	Traffic Stop	1
2024-04-03	4	8	1401 24TH AVE NW	76	Traffic Stop	1
2024-04-03	4	8	629 24TH AVE SW	25	Sick Person	7
2024-04-03	4	8	629 24TH AVE SW	25	Sick Person	7
2024-04-03	4	8	1600 24TH AVE NW	25	Vandalism	36
2024-04-03	4	8	BNSF RR / W TECUMSEH RD	25	Check Area	12
2024-04-03	4	8	2179 STUBBEMAN AVE	76	Traffic Stop	1
2024-04-03	4	8	2003 LEEDS LN	76	Contact a Subject	3
2024-04-03	4	8	1912 EAST VIEW DR	76	Burglary	28
2024-04-03	4	9	2900 OAK TREE AVE	25	Supplement Report	43
2024-04-03	4	9	213 CHALMETTE DR	76	Animal at Large	23
2024-04-03	4	9	730 BARBOUR AVE	76	Harassment / Threats Report	16
2024-04-03	4	9	2900 JENKINS AVE	25	COP Relationships	36
2024-04-03	4	9	2900 JENKINS AVE	25	COP Relationships	36
2024-04-03	4	9	4343 N FLOOD AVE	25	Hit and Run	28
2024-04-03	4	9	4105 W MAIN ST	12	Sick Person	7
2024-04-03	4	9	4105 W MAIN ST	12	Sick Person	7
2024-04-03	4	9	4105 W MAIN ST	12	Disturbance/Domestic	5
2024-04-03	4	9	1162 KENWOOD DR	76	Traffic Stop	1
2024-04-03	4	9	600 ED NOBLE PKWY	76	Pick Up Items	55
2024-04-03	4	9	1435 CHERRY LAUREL DR	76	Alarm	6
2024-04-03	4	9	207 CHALMETTE DR	76	Animal at Large	23
2024-04-03	4	9	1600 24TH AVE NW	25	Vandalism	36
2024-04-03	4	9	911 W MAIN ST	3	MVA Non Injury	7
2024-04-03	4	9	1848 W ROBINSON ST	76	Larceny	11
2024-04-03	4	9	300 12TH AVE NE	12	MVA With Injuries	7
2024-04-03	4	9	300 12TH AVE NE	12	MVA With Injuries	7
2024-04-03	4	9	300 12TH AVE NE	12	MVA With Injuries	7
2024-04-03	4	9	2000 ANN BRANDEN BLVD	5	Transfer/Interfacility	2
2024-04-03	4	9	2900 CHAUTAUQUA AVE	76	Contact a Subject	3
2024-04-03	4	9	3300 HEALTHPLEX PKWY	2	Welfare Check	4
2024-04-03	4	9	1150 ALAMEDA ST	76	Alarm Holdup/Panic	28
2024-04-03	4	9	1200 S I35 SB I	76	Traffic Stop	1
2024-04-03	4	9	701 W MAIN ST	76	Fire Controlled Burn	55
2024-04-03	4	10	901 N PORTER AVE	1	Transfer/Interfacility	2
2024-04-03	4	10	700 COPPERFIELD DR	76	Animal at Large	23
2024-04-03	4	10	3200 72ND AVE SE	76	Animal Dead	43
2024-04-03	4	10	W TECUMSEH RD / N FLOOD AVE	76	MVA Non Injury	7
2024-04-03	4	10	5300 N INTERSTATE DR	76	Suspicious	10
2024-04-03	4	10	525 N FLOOD AVE	76	Animal Dead	43
2024-04-03	4	10	3300 HEALTHPLEX PKWY	2	Transfer/Interfacility	2
2024-04-03	4	10	4001 36TH AVE NW	76	Contact a Subject	3
2024-04-03	4	10	1709 138TH AVE SE	25	Breathing Problems	13
2024-04-03	4	10	1709 138TH AVE SE	25	Sick Person	7
2024-04-03	4	10	1251 ALAMEDA ST	76	Trespassing	14
2024-04-03	4	10	215 N PONCA AVE, NORMAN	25	Vandalism	36
2024-04-03	4	10	215 N PONCA AVE, NORMAN	25	COP Problem Solving	43
2024-04-03	4	10	1405 OAKCREST AVE	76	Animal Complaint	36
2024-04-03	4	10	901 N PORTER AVE	1	Transfer/Interfacility	2
2024-04-03	4	10	1724 W LINDSEY ST	76	Disturbance/Domestic	5
2024-04-03	4	10	319 GLADE CT	25	Medical Call Pd Requested	28
2024-04-03	4	10	319 GLADE CT	25	Medical Call Pd Requested	28
2024-04-03	4	10	333 E BROOKS ST	76	Larceny	11
2024-04-03	4	10	102 CASTRO ST	76	Animal Trapped	43
2024-04-03	4	10	7700 E POST OAK RD	76	Animal at Large	23
2024-04-03	4	11	1395 E LINDSEY ST	76	Traffic Stop	1
2024-04-03	4	11	801 N PETERS AVE	76	Motorist Assist	20
2024-04-03	4	11	222 E LINDSEY ST	76	Civil Standby	23
2024-04-03	4	11	2223 W MAIN ST	76	Hit and Run	28
2024-04-03	4	11	2555 HEMPHILL DR	76	Larceny	11
2024-04-03	4	11	125 VICKSBURG AVE	76	Contact a Subject	3
2024-04-03	4	11	1130 N PORTER AVE	76	Trespassing	14
2024-04-03	4	11	5740 12TH AVE NW	25	Stolen Vehicle	28
2024-04-03	4	11	4343 N FLOOD AVE	25	Follow Up	16
2024-04-03	4	11	4405 E ROCK CREEK RD	76	Fraud	23
2024-04-03	4	11	911 W MAIN ST	3	Escort/Transport	43
2024-04-03	4	11	800 LEXINGTON ST	12	Assault	55
2024-04-03	4	11	2000 S I35 NB I	76	Check Area	12
2024-04-03	4	11	805 E ROBINSON ST	25	Runaway or Lost Child	36
2024-04-03	4	11	901 N PORTER AVE	1	Transfer/Interfacility	2
2024-04-03	4	11	201 CHALMETTE DR	25	Disturbance/Domestic	5
2024-04-03	4	11	1780 W LINDSEY ST	76	Traffic Stop	1
2024-04-03	4	11	12331 CHECKERBOARD CIR	76	Contact a Subject	3
2024-04-03	4	12	12TH AVE SE / ALAMEDA ST	76	MVA Non Injury	7
2024-04-03	4	12	1400 ED NOBLE PKWY	25	Sick Person	7
2024-04-03	4	12	1400 ED NOBLE PKWY	25	Sick Person	7
2024-04-03	4	12	700 S TELEPHONE RD	4	Transfer/Interfacility	2
2024-04-03	4	12	1168 W LINDSEY ST	76	Traffic Stop	1
2024-04-03	4	12	2005 OAKHURST AVE	76	Contact a Subject	3
2024-04-03	4	12	2200 CLASSEN BLVD	12	Burglary	28
2024-04-03	4	12	5740 12TH AVE NW	25	Contact a Subject	3
2024-04-03	4	12	911 W MAIN ST	3	Contact a Subject	3
2024-04-03	4	12	1601 24TH AVE NW	25	Suspicious	10
2024-04-03	4	12	401 12TH AVE SE	12	Public Assist	14
2024-04-03	4	12	345 N PORTER AVE	76	Traffic Stop	1
2024-04-03	4	12	5000 YORK DR	76	Motorist Assist	20
2024-04-03	4	12	2200 W MAIN ST	76	Contact a Subject	3
2024-04-03	4	12	1124 MERRYMEN GRN	25	Overdose/Poisoning	20
2024-04-03	4	12	1124 MERRYMEN GRN	25	Overdose/Poisoning	20
2024-04-03	4	12	414 E BROOKS ST	12	Cardiac Respritory Arrest	43
2024-04-03	4	12	414 E BROOKS ST	12	Cardiac Respritory Arrest	43
2024-04-03	4	12	414 E BROOKS ST	12	Welfare Check	4
2024-04-03	4	12	1809 STUBBEMAN AVE	76	MVA Non Injury	7
2024-04-03	4	12	1221 24TH AVE NE	76	COP DDACTS	36
2024-04-03	4	12	3120 LANGLEY DR	76	Welfare Check	4
2024-04-03	4	12	E JOHNSON ST / N PORTER AVE	76	Welfare Check	4
2024-04-03	4	12	201B W GRAY ST	76	Contact a Subject	3
2024-04-03	4	13	2896 BROCE DR	76	Larceny	11
2024-04-03	4	13	236 E HIMES ST	76	Welfare Check	4
2024-04-03	4	13	707 E FRANK ST	76	Fraud	23
2024-04-03	4	13	TRIAD VILLAGE DR / ALAMEDA ST	76	Traffic Stop	1
2024-04-03	4	13	390 24TH AVE NE	76	Traffic Stop	1
2024-04-03	4	13	2900 W ROBINSON ST	76	Motorist Assist	20
2024-04-03	4	13	4600 E STATE HWY 9 HWY	76	Traffic Stop	1
2024-04-03	4	13	120 12TH AVE NE	76	Found Item	55
2024-04-03	4	13	2201 WESTPARK DR	76	Harassment / Threats Report	16
2024-04-03	4	13	2028 E ROBINSON ST	76	Traffic Stop	1
2024-04-03	4	13	3300 HEALTHPLEX PKWY	2	Transfer/Interfacility	2
2024-04-03	4	13	911 W MAIN ST	3	Convulsion/Seizure	20
2024-04-03	4	13	911 W MAIN ST	3	Convulsion/Seizure	20
2024-04-03	4	13	911 W MAIN ST	3	Assist Fire	55
2024-04-03	4	13	1032 W TECUMSEH RD	76	Traffic Stop	1
2024-04-03	4	13	3400 W MAIN ST	25	Larceny	11
2024-04-03	4	13	2829 DEWEY AVE	76	Fraud	23
2024-04-03	4	13	2800 36TH AVE SE	76	Traffic Stop	1
2024-04-03	4	13	333 STAFFORD SQ	76	Open Door/Premises Check	36
2024-04-03	4	13	BNSF RR / W TECUMSEH RD	25	Check Area	12
2024-04-03	4	13	24TH AVE NE / E INDIAN HILLS RD	76	Animal Trapped	43
2024-04-03	4	13	35.223545;-97.4237383333333	76	Traffic Stop	1
2024-04-03	4	13	206 E HAYES ST	76	Disturbance/Domestic	5
2024-04-03	4	13	2657 CLASSEN BLVD	76	Fraud	23
2024-04-03	4	13	640 24TH AVE NE	76	Traffic Stop	1
2024-04-03	4	13	2000 ANN BRANDEN BLVD	5	Transfer/Interfacility	2
2024-04-03	4	13	5200 E STATE HWY 9 HWY	76	Traffic Stop	1
2024-04-03	4	13	429 E ROBINSON ST	76	Open Door/Premises Check	36
2024-04-03	4	13	805 E ROBINSON ST	25	Disturbance/Domestic	5
2024-04-03	4	13	2201 W BROOKS ST	76	Public Assist	14
2024-04-03	4	13	2290 W MAIN ST	76	Welfare Check	4
2024-04-03	4	13	1776 E ROBINSON ST	25	Chest Pain	28
2024-04-03	4	13	1776 E ROBINSON ST	25	Chest Pain	28
2024-04-03	4	14	SHORELINE DR / E STATE HWY 9 HWY	76	Traffic Stop	1
2024-04-03	4	14	3300 HEALTHPLEX PKWY	2	Transfer/Interfacility	2
2024-04-03	4	14	805 WILLOW LN	76	Open Door/Premises Check	36
2024-04-03	4	14	1610 VILLAGE DR	76	Animal Complaint	36
2024-04-03	4	14	210 WESTSIDE DR	76	Burglary	28
2024-04-03	4	14	712 OLIVER ST	76	Contact a Subject	3
2024-04-03	4	14	602 N FINDLAY AVE	76	Parking Problem	28
2024-04-03	4	14	901 N PORTER AVE	1	Transfer/Interfacility	2
2024-04-03	4	14	1514 OAKCREST AVE	76	Parking Problem	28
2024-04-03	4	14	575 S UNIVERSITY BLVD	76	Parking Problem	28
2024-04-03	4	14	E INDIAN HILLS RD / 12TH AVE NE	76	Mutual Aid	55
2024-04-03	4	14	2900 MOUNT WILLIAMS DR	12	MVA With Injuries	7
2024-04-03	4	14	2900 MOUNT WILLIAMS DR	12	MVA With Injuries	7
2024-04-03	4	14	2900 MOUNT WILLIAMS DR	12	MVA Non Injury	7
2024-04-03	4	14	600 72ND SE	76	Follow Up	16
2024-04-03	4	14	1806 24TH AVE NW	25	Convulsion/Seizure	20
2024-04-03	4	14	1806 24TH AVE NW	25	Convulsion/Seizure	20
2024-04-03	4	14	1311 NEBRASKA ST	25	Falls	16
2024-04-03	4	14	1311 NEBRASKA ST	25	Falls	16
2024-04-03	4	14	5742 HUETTNER CT	76	Larceny	11
2024-04-03	4	14	3730 W ROCK CREEK RD	76	Fraud	23
2024-04-03	4	14	2500 ASP AVE	76	Public Assist	14
2024-04-03	4	14	OAKVIEW DR / OAKCREST AVE	76	Animal at Large	23
2024-04-03	4	15	201 W GRAY ST	5	Follow Up	16
2024-04-03	4	15	363 N PICKARD AVE	76	Parking Problem	28
2024-04-03	4	15	3300 HEALTHPLEX PKWY	2	Transfer/Interfacility	2
2024-04-03	4	15	201 W GRAY ST	5	Civil Standby	23
2024-04-03	4	15	3300 HEALTHPLEX PKWY	2	Transfer/Interfacility	2
2024-04-03	4	15	2815 DEWEY AVE	76	Civil Standby	23
2024-04-03	4	15	401 12TH AVE SE	12	Public Assist	14
2024-04-03	4	15	828 ALAMEDA ST	76	Traffic Stop	1
2024-04-03	4	15	700 S TELEPHONE RD	4	Transfer/Interfacility	2
2024-04-03	4	15	2900 W MAIN ST	76	Supplement Report	43
2024-04-03	4	15	2000 ANN BRANDEN BLVD	5	Escort/Transport	43
2024-04-03	4	15	3300 HEALTHPLEX PKWY	2	Transfer/Interfacility	2
2024-04-03	4	15	1596 E IMHOFF RD	76	Traffic Stop	1
2024-04-03	4	15	1232 W BROOKS ST	76	Larceny	11
2024-04-03	4	15	922 ALAMEDA ST	76	Traffic Stop	1
2024-04-03	4	15	1037 N UNIVERSITY BLVD	25	Suspicious	10
2024-04-03	4	15	4400 W MAIN ST	76	Disturbance/Domestic	5
2024-04-03	4	16	1622 W ROBINSON ST	12	Shooting Stabbing Penetrating	43
2024-04-03	4	16	1622 W ROBINSON ST	12	Shooting Stabbing Penetrating	43
2024-04-03	4	16	1622 W ROBINSON ST	12	Shooting	55
2024-04-03	4	16	201 REED AVE	25	Trespassing	14
2024-04-03	4	16	700 S TELEPHONE RD	4	Transfer/Interfacility	2
2024-04-03	4	16	2809 DALEWOOD PL	25	Breathing Problems	13
2024-04-03	4	16	2809 DALEWOOD PL	25	Breathing Problems	13
2024-04-03	4	16	700 S TELEPHONE RD	4	Transfer/Interfacility	2
2024-04-03	4	16	4701 12TH AVE NW	76	Fire Alarm	43
2024-04-03	4	16	2501 PENDLETON DR	76	Stolen Vehicle	28
2024-04-03	4	16	1016 26TH AVE NW	76	Trespassing	14
2024-04-03	4	16	2505 W MAIN ST	12	Stolen Vehicle	28
2024-04-03	4	16	1303 BARBOUR ST	76	Welfare Check	4
2024-04-03	4	16	911 W MAIN ST	3	COP Relationships	36
2024-04-03	4	16	810 DAKOTA ST	76	Suspicious	10
2024-04-03	4	16	1008 WOODS AVE	76	Animal Complaint	36
2024-04-03	4	16	436 PARK DR	76	Contact a Subject	3
2024-04-03	4	16	901 N PORTER AVE	1	Transfer/Interfacility	2
2024-04-03	4	16	6777 INTERSTATE DR	76	Alarm Holdup/Panic	28
2024-04-03	4	16	1929 TWISTED OAK DR	76	Harassment / Threats Report	16
2024-04-03	4	16	3400 W MAIN ST	25	Follow Up	16
2024-04-03	4	16	3525 N FLOOD AVE	76	Alarm	6
2024-04-03	4	17	435 1/2 CHAUTAUQUA AVE	76	Check Area	12
2024-04-03	4	17	911 W MAIN ST	3	Harassment / Threats Report	16
2024-04-03	4	17	1113 BILOXI DR	76	Disturbance/Domestic	5
2024-04-03	4	17	705 RIDGECREST CT	25	Larceny	11
2024-04-03	4	17	705 RIDGECREST CT	25	Larceny	11
2024-04-03	4	17	1803 ROLLING STONE DR	25	Unconscious/Fainting	16
2024-04-03	4	17	1803 ROLLING STONE DR	25	Unconscious/Fainting	16
2024-04-03	4	17	3006 36TH AVE NW	76	Traffic Stop	1
2024-04-03	4	17	6851 POST OAK RD	25	Hemorrhage/Lacerations	23
2024-04-03	4	17	6851 POST OAK RD	25	Hemorrhage/Lacerations	23
2024-04-03	4	17	320 E COMANCHE ST	76	Welfare Check	4
2024-04-03	4	17	4300 W MAIN ST	76	Traffic Stop	1
2024-04-03	4	17	E FRANKLIN RD / 120TH AVE NE	76	MVA Non Injury	7
2024-04-03	4	17	1000 BENTBROOK PL	76	Fire Gas Leak	43
2024-04-03	4	17	24TH AVE NW / W ROCK CREEK RD	76	Traffic Stop	1
2024-04-03	4	17	S BERRY RD / W STATE HWY 9 HWY	25	MVA Non Injury	7
2024-04-03	4	17	S BERRY RD / W STATE HWY 9 HWY	25	MVA Non Injury	7
2024-04-03	4	17	1023 E BROOKS ST	76	Disturbance/Domestic	5
2024-04-03	4	18	1006 FOUNTAIN GATE CIR	5	Welfare Check	4
2024-04-03	4	18	2325 GLEN OAKS DR	76	Harassment / Threats Report	16
2024-04-03	4	18	MORREN DR / 12TH AVE NE	76	MVA Non Injury	7
2024-04-03	4	18	N FLOOD AVE / W ROCK CREEK RD	25	MVA Non Injury	7
2024-04-03	4	18	1505 E ROBINSON ST	76	Harassment / Threats Report	16
2024-04-03	4	18	1502 SUNSET DR	76	Harassment / Threats Report	16
2024-04-03	4	18	4900 E STATE HWY 9 HWY	76	Motorist Assist	20
2024-04-03	4	18	819 RUSSELL CIR	76	Disturbance/Domestic	5
2024-04-03	4	18	2627 CLASSEN BLVD	76	MVA Non Injury	7
2024-04-03	4	18	3201 S BERRY RD	76	Alarm	6
2024-04-03	4	18	615 E ROBINSON ST	9	Unconscious/Fainting	16
2024-04-03	4	18	615 E ROBINSON ST	9	Unconscious/Fainting	16
2024-04-03	4	18	304 CHALMETTE DR	12	Assault EMS Needed	28
2024-04-03	4	18	304 CHALMETTE DR	12	Assault EMS Needed	28
2024-04-03	4	18	304 CHALMETTE DR	12	Disturbance/Domestic	5
2024-04-03	4	18	E ROBINSON ST / 12TH AVE NE	5	MVA With Injuries	7
2024-04-03	4	18	E ROBINSON ST / 12TH AVE NE	5	MVA With Injuries	7
2024-04-03	4	18	E ROBINSON ST / 12TH AVE NE	5	MVA With Injuries	7
2024-04-03	4	18	E ROBINSON ST / 12TH AVE NE	5	MVA With Injuries	7
2024-04-03	4	18	MCGEE DR / W STATE HWY 9 HWY	76	MVA Non Injury	7
2024-04-03	4	18	1915 TWISTED OAK DR	76	Runaway or Lost Child	36
2024-04-03	4	18	1800 BEAUMONT DR	9	Trespassing	14
2024-04-03	4	19	2100 NATCHEZ DR	25	Falls	16
2024-04-03	4	19	2100 NATCHEZ DR	25	Falls	16
2024-04-03	4	19	318 E HAYES ST	25	Hemorrhage/Lacerations	23
2024-04-03	4	19	318 E HAYES ST	25	Sick Person	7
2024-04-03	4	19	720 HIGHLAND PKWY	76	Welfare Check	4
2024-04-03	4	19	E RICH ST / N PORTER AVE	76	Traffic Stop	1
2024-04-03	4	19	3300 HEALTHPLEX PKWY	2	Transfer/Interfacility	2
2024-04-03	4	19	2913 CARETTA CT	25	Fire Residential	43
2024-04-03	4	19	2913 CARETTA CT	25	Fire Residential	43
2024-04-03	4	19	1601 24TH AVE NW	25	Trespassing	14
2024-04-03	4	19	1509 SOUTHERN HEIGHTS AVE	76	Welfare Check	4
2024-04-03	4	19	517 GOLDEN OAKS DR	25	Unconscious/Fainting	16
2024-04-03	4	19	517 GOLDEN OAKS DR	25	Unconscious/Fainting	16
2024-04-03	4	19	1826 OAKHILL DR	76	Fire Gas Leak	43
2024-04-03	4	19	909 24TH AVE SW	25	Breathing Problems	13
2024-04-03	4	19	909 24TH AVE SW	25	Breathing Problems	13
2024-04-03	4	19	POST OAK RD / 60TH AVE SE	12	MVA With Injuries	7
2024-04-03	4	19	POST OAK RD / 60TH AVE SE	12	MVA With Injuries	7
2024-04-03	4	19	POST OAK RD / 60TH AVE SE	12	Welfare Check	4
2024-04-03	4	20	700 S TELEPHONE RD	4	Transfer/Interfacility	2
2024-04-03	4	20	2716 CHEYENNE WAY	76	Contact a Subject	3
2024-04-03	4	20	ED NOBLE PKWY / W LINDSEY ST	76	Hit and Run	28
2024-04-03	4	20	1201 12TH AVE NE	25	Tobacco Violation	36
2024-04-03	4	20	800 LEXINGTON ST	12	Welfare Check	4
2024-04-03	4	20	201 W GRAY ST	5	Civil Standby	23
2024-04-03	4	20	3300 HEALTHPLEX PKWY	2	Transfer/Interfacility	2
2024-04-03	4	20	3300 HEALTHPLEX PKWY	2	Transfer/Interfacility	2
2024-04-03	4	20	E BOYD ST / SUNRISE ST	76	Suspicious	10
2024-04-03	4	20	115 12TH AVE SE	76	Tobacco Violation	36
2024-04-03	4	20	24TH AVE SW / W STATE HWY 9 HWY	76	Traffic Stop	1
2024-04-03	4	20	3301 W MAIN ST	25	Larceny	11
2024-04-03	4	20	3406 PHEASANT RUN RD	9	Contact a Subject	3
2024-04-03	4	20	12TH AVE NE / E INDIAN HILLS RD	76	Welfare Check	4
2024-04-03	4	20	1208 NORTHERN HILLS RD	76	Welfare Check	4
2024-04-03	4	20	2000 ANN BRANDEN BLVD	5	Transfer/Interfacility	2
2024-04-03	4	20	700 S TELEPHONE RD	4	Transfer/Interfacility	2
2024-04-03	4	20	2215 W LINDSEY ST	76	Alarm	6
2024-04-03	4	20	1001 E ROBINSON ST	76	Check Area	12
2024-04-03	4	20	3301 W MAIN ST	25	Larceny	11
2024-04-03	4	21	1882 BARKLEY ST	76	Welfare Check	4
2024-04-03	4	21	615 E ROBINSON ST	9	Convulsion/Seizure	20
2024-04-03	4	21	615 E ROBINSON ST	9	Convulsion/Seizure	20
2024-04-03	4	21	901 N PORTER AVE	1	Transfer/Interfacility	2
2024-04-03	4	21	784 ASP AVE	76	Tobacco Violation	36
2024-04-03	4	21	N BERRY RD / IOWA ST	76	Suspicious	10
2024-04-03	4	21	1322 REGENT ST	25	Public Assist	14
2024-04-03	4	21	1322 REGENT ST	25	Animal Injured	55
2024-04-03	4	21	3251 CLASSEN BLVD	76	Check Area	12
2024-04-03	4	21	2550 MOUNT WILLIAMS DR	76	Suspicious	10
2024-04-03	4	21	1327 E LINDSEY ST	76	Check Area	12
2024-04-03	4	21	901 N PORTER AVE	1	Transfer/Interfacility	2
2024-04-03	4	21	2551 CLASSEN BLVD	76	Check Area	12
2024-04-03	4	21	2600 TECHNOLOGY PL	76	Alarm	6
2024-04-03	4	21	N FLOOD AVE / DA VINCI ST	76	Traffic Stop	1
2024-04-03	4	21	2960 CLASSEN BLVD	76	Welfare Check	4
2024-04-03	4	21	1200 N CRAWFORD AVE	76	Disturbance/Domestic	5
2024-04-03	4	21	201 W GRAY ST	5	Contact a Subject	3
2024-04-03	4	21	909 BRANDYWINE LN	25	Medical Call Pd Requested	28
2024-04-03	4	21	909 BRANDYWINE LN	25	Medical Call Pd Requested	28
2024-04-03	4	21	1800 BEAUMONT DR	9	Assault EMS Needed	28
2024-04-03	4	21	1800 BEAUMONT DR	9	Assault EMS Needed	28
2024-04-03	4	21	1800 BEAUMONT DR	9	Disturbance/Domestic	5
2024-04-03	4	22	401 12TH AVE SE	12	Contact a Subject	3
2024-04-03	4	22	800 LEXINGTON ST	12	Runaway or Lost Child	36
2024-04-03	4	22	1006 FOUNTAIN GATE CIR	5	Welfare Check	4
2024-04-03	4	22	901 N PORTER AVE	1	Transfer/Interfacility	2
2024-04-03	4	22	1241 INTERSTATE DR	76	Traffic Stop	1
2024-04-03	4	22	1341 CREEKSIDE DR	76	Disturbance/Domestic	5
2024-04-03	4	22	1711 W LINDSEY ST	76	Traffic Stop	1
2024-04-03	4	22	3906 WAVERLY DR	76	Alarm	6
2024-04-03	4	22	3760 N I35 NB I	76	Traffic Stop	1
2024-04-03	4	22	901 N PORTER AVE	1	Transfer/Interfacility	2
2024-04-03	4	22	201 W GRAY ST	5	Civil Standby	23
2024-04-03	4	22	500 STINSON ST	25	Breathing Problems	13
2024-04-03	4	22	500 STINSON ST	25	Breathing Problems	13
2024-04-03	4	22	2920 CHAUTAUQUA AVE	25	911 Call Nature Unknown	43
2024-04-03	4	22	200 VICKSBURG AVE	76	Animal Vicious	55
2024-04-03	4	22	601 12TH AVE NE	76	Hit and Run	28
2024-04-03	4	22	1900 RENAISSANCE DR	25	Overdose/Poisoning	20
2024-04-03	4	22	1900 RENAISSANCE DR	25	Overdose/Poisoning	20
2024-04-03	4	22	1120 E CONSTITUTION ST	76	Traffic Stop	1
2024-04-03	4	22	703 RIDGECREST CT	25	Noise Complaint	23
2024-04-03	4	22	703 RIDGECREST CT	25	Noise Complaint	23
2024-04-03	4	22	1006 FOUNTAIN GATE CIR	5	Falls	16
2024-04-03	4	22	1006 FOUNTAIN GATE CIR	5	Falls	16
2024-04-03	4	22	1006 FOUNTAIN GATE CIR	5	Follow Up	16
2024-04-03	4	23	512 S WEBSTER AVE	76	Traffic Stop	1
2024-04-03	4	23	2505 W MAIN ST	12	Alarm Holdup/Panic	28
2024-04-03	4	23	1201 12TH AVE NE	25	Follow Up	16
2024-04-03	4	23	3720 BROOKHOLLOW RD	76	Public Assist	14
2024-04-03	4	23	109 S BERRY RD	76	Alarm	6
2024-04-03	4	23	201 CHALMETTE DR	25	Disturbance/Domestic	5
2024-04-03	4	23	1256 W LINDSEY ST	76	Traffic Stop	1
2024-04-03	4	23	3927 24TH AVE SE	76	Noise Complaint	23
2024-04-03	4	23	19901 WOODRIDGE DR	25	Chest Pain	28
2024-04-03	4	23	19901 WOODRIDGE DR	25	Chest Pain	28
2024-04-03	4	23	2373 W BOYD ST	76	Traffic Stop	1
2024-04-03	4	23	901 N PORTER AVE	1	Transfer/Interfacility	2
2024-04-03	4	23	1815 W LINDSEY ST	76	Traffic Stop	1
2024-04-03	4	23	631 W LINDSEY ST	76	Traffic Stop	1
2024-04-03	4	23	3030 WILLIAM PEREIRA DR	76	Suspicious	10
2024-04-03	4	23	2698 E LINDSEY ST	76	Traffic Stop	1
2024-04-03	4	23	850 ED NOBLE PKWY	76	Contact a Subject	3
2024-04-03	4	23	1136 W LINDSEY ST	76	COP Problem Solving	43
2024-04-03	4	23	3146 N FLOOD AVE	76	Traffic Stop	1
2024-04-03	4	23	720 ELM AVE	76	Fire Alarm	43
2024-04-03	4	23	1330 W LINDSEY ST	76	Traffic Stop	1
2024-04-03	4	23	1169 24TH AVE SW	76	Traffic Stop	1
